new_id,source_dir,source_file,category,has_assert,multifunc
0,SV_COMP,1.c,recursive_program,0,0
1,SV_COMP,2.c,recursive_program,0,0
2,SV_COMP,22.c,recursive_program,0,0
3,SV_COMP,24.c,recursive_program,0,0
4,SV_COMP,25.c,recursive_program,0,1
5,SV_COMP,27.c,recursive_program,0,0
6,SV_COMP,28.c,recursive_program,0,1
7,SV_COMP,29.c,recursive_program,0,0
8,SV_COMP,32.c,recursive_program,0,1
9,SV_COMP,36.c,recursive_program,0,1
10,SV_COMP,40.c,recursive_program,0,0
11,SV_COMP,41.c,recursive_program,0,0
12,SV_COMP,42.c,recursive_program,0,0
13,SV_COMP,62.c,recursive_program,0,1
14,SV_COMP,6.c,array,0,0
15,SV_COMP,7.c,array,0,0
16,SV_COMP,8.c,array,0,0
17,SV_COMP,9.c,array,0,0
18,SV_COMP,26.c,array,0,0
19,SV_COMP,33.c,array,0,0
20,SV_COMP,34.c,array,0,0
21,SV_COMP,35.c,array,0,1
22,SV_COMP,37.c,array,0,0
23,SV_COMP,44.c,array,0,0
24,SV_COMP,45.c,array,0,0
25,SV_COMP,47.c,array,0,0
26,SV_COMP,48.c,array,0,0
27,SV_COMP,49.c,array,0,0
28,SV_COMP,54.c,array,0,1
29,SV_COMP,60.c,array,0,0
30,SV_COMP,70.c,array,0,0
31,SV_COMP,3.c,numeric,0,0
32,SV_COMP,4.c,numeric,0,0
33,SV_COMP,5.c,numeric,0,0
34,SV_COMP,10.c,numeric,0,0
35,SV_COMP,39.c,numeric,0,0
36,SV_COMP,46.c,numeric,0,1
37,SV_COMP,57.c,numeric,0,1
38,SV_COMP,112.c,numeric,0,0
39,SV_COMP,113.c,numeric,0,0
40,SV_COMP,114.c,numeric,0,0
41,SV_COMP,115.c,numeric,0,0
42,SV_COMP,117.c,numeric,0,0
43,SV_COMP,118.c,numeric,0,0
44,SV_COMP,119.c,numeric,0,0
45,SV_COMP,120.c,numeric,0,0
46,SV_COMP,121.c,numeric,0,0
47,SV_COMP,122.c,numeric,0,0
48,SV_COMP,124.c,numeric,0,0
49,SV_COMP,156.c,numeric,0,0
50,SV_COMP,162.c,numeric,0,0
51,SV_COMP,168.c,numeric,0,0
52,SV_COMP,169.c,numeric,0,0
53,SV_COMP,213.c,numeric,0,0
54,SV_COMP,214.c,numeric,0,0
55,SV_COMP,219.c,numeric,0,0
56,SV_COMP,228.c,numeric,0,0
57,SV_COMP,229.c,numeric,0,0
58,SV_COMP,230.c,numeric,0,0
59,SV_COMP,231.c,numeric,0,0
60,SV_COMP,234.c,numeric,0,0
61,SV_COMP,235.c,numeric,0,0
62,SV_COMP,236.c,numeric,0,0
63,SV_COMP,241.c,numeric,0,0
64,SV_COMP,242.c,numeric,0,0
65,SV_COMP,253.c,numeric,0,0
66,SV_COMP,276.c,numeric,0,0
67,SV_COMP,295.c,numeric,0,0
68,SV_COMP,301.c,numeric,0,0
69,SV_COMP,302.c,numeric,0,0
70,SV_COMP,303.c,numeric,0,0
71,SV_COMP,304.c,numeric,0,0
72,SV_COMP,306.c,numeric,0,0
73,SV_COMP,307.c,numeric,0,0
74,SV_COMP,308.c,numeric,0,0
75,SV_COMP,309.c,numeric,0,0
76,SV_COMP,356.c,numeric,0,0
77,SV_COMP,357.c,numeric,0,0
78,SV_COMP,358.c,numeric,0,0
79,SV_COMP,359.c,numeric,0,0
80,SV_COMP,360.c,numeric,0,0
81,SV_COMP,361.c,numeric,0,0
82,SV_COMP,388.c,numeric,0,0
83,SV_COMP,389.c,numeric,0,0
84,SV_COMP,391.c,numeric,0,0
85,SV_COMP,392.c,numeric,0,0
86,SV_COMP,394.c,numeric,0,0
87,SV_COMP,395.c,numeric,0,0
88,SV_COMP,396.c,numeric,0,0
89,SV_COMP,397.c,numeric,0,0
90,SV_COMP,398.c,numeric,0,0
91,SpecGenBench,7.c,array,0,0
92,SpecGenBench,8.c,numeric,0,0
93,SpecGenBench,9.c,numeric,0,0
94,SpecGenBench,10.c,numeric,0,0
95,SpecGenBench,12.c,array,0,0
96,SpecGenBench,13.c,numeric,0,0
97,SpecGenBench,14.c,numeric,0,0
98,SpecGenBench,15.c,numeric,0,0
99,SpecGenBench,16.c,numeric,0,0
100,SpecGenBench,18.c,numeric,0,0
101,SpecGenBench,20.c,array,0,0
102,SpecGenBench,21.c,numeric,0,0
103,SpecGenBench,23.c,numeric,0,0
104,SpecGenBench,24.c,array,0,0
105,SpecGenBench,26.c,array,0,0
106,SpecGenBench,27.c,array,0,0
107,SpecGenBench,28.c,array,0,0
108,SpecGenBench,29.c,numeric,0,0
109,SpecGenBench,30.c,numeric,0,0
110,SpecGenBench,31.c,numeric,0,0
111,SpecGenBench,34.c,array,0,0
112,SpecGenBench,35.c,array,0,0
113,SpecGenBench,36.c,array,0,0
114,SpecGenBench,37.c,array,0,0
115,SpecGenBench,38.c,numeric,0,0
116,SpecGenBench,39.c,numeric,0,0
117,SpecGenBench,40.c,numeric,0,0
118,SpecGenBench,41.c,numeric,0,0
119,SpecGenBench,42.c,array,0,0
120,SpecGenBench,43.c,array,0,0
121,SpecGenBench,44.c,array,0,0
122,SpecGenBench,45.c,array,0,0
123,SpecGenBench,46.c,array,0,0
124,SpecGenBench,47.c,array,0,0
125,SpecGenBench,48.c,array,0,0
126,SpecGenBench,49.c,array,0,0
127,SpecGenBench,50.c,numeric,0,0
128,SpecGenBench,51.c,numeric,0,0
129,SpecGenBench,52.c,numeric,0,0
130,SpecGenBench,53.c,array,0,0
131,SpecGenBench,54.c,array,0,0
132,SpecGenBench,55.c,array,0,0
133,SpecGenBench,56.c,array,0,1
134,SpecGenBench,58.c,numeric,0,0
135,SpecGenBench,59.c,numeric,0,0
136,SpecGenBench,60.c,numeric,0,0
137,SpecGenBench,62.c,numeric,0,0
138,SpecGenBench,63.c,numeric,0,0
139,SpecGenBench,64.c,numeric,0,0
140,SpecGenBench,65.c,numeric,0,0
141,SpecGenBench,66.c,numeric,0,0
142,SpecGenBench,67.c,numeric,0,1
143,SpecGenBench,68.c,numeric,0,0
144,SpecGenBench,69.c,numeric,0,0
145,SpecGenBench,70.c,numeric,0,1
146,SpecGenBench,73.c,numeric,0,0
147,SpecGenBench,74.c,numeric,0,0
148,SpecGenBench,77.c,numeric,0,0
149,SpecGenBench,78.c,numeric,0,0
150,FormalBench,1.c,array,0,0
151,FormalBench,2.c,array,0,0
152,FormalBench,3.c,array,0,0
153,FormalBench,4.c,array,0,0
154,FormalBench,5.c,array,0,0
155,FormalBench,6.c,array,0,0
156,FormalBench,7.c,array,0,0
157,FormalBench,8.c,array,0,0
158,FormalBench,9.c,array,0,0
159,FormalBench,10.c,array,0,0
160,FormalBench,11.c,array,0,0
161,FormalBench,12.c,array,0,0
162,FormalBench,13.c,array,0,0
163,FormalBench,14.c,array,0,0
164,FormalBench,15.c,array,0,0
165,FormalBench,16.c,array,0,0
166,FormalBench,17.c,array,0,0
167,FormalBench,18.c,array,0,0
168,FormalBench,19.c,array,0,0
169,FormalBench,20.c,array,0,0
170,FormalBench,21.c,array,0,0
171,FormalBench,22.c,array,0,0
172,FormalBench,23.c,array,0,0
173,FormalBench,24.c,array,0,0
174,FormalBench,25.c,array,0,0
175,FormalBench,26.c,array,0,0
176,FormalBench,27.c,array,0,0
177,FormalBench,28.c,array,0,0
178,FormalBench,32.c,array,0,0
179,FormalBench,34.c,array,0,0
180,FormalBench,35.c,array,0,0
181,FormalBench,36.c,array,0,0
182,FormalBench,37.c,array,0,0
183,FormalBench,38.c,array,0,0
184,FormalBench,39.c,array,0,0
185,FormalBench,40.c,array,0,0
186,FormalBench,44.c,array,0,0
187,FormalBench,45.c,array,0,0
188,FormalBench,46.c,array,0,0
189,FormalBench,47.c,array,0,0
190,FormalBench,48.c,array,0,0
191,FormalBench,49.c,array,0,0
192,FormalBench,50.c,array,0,0
193,FormalBench,51.c,array,0,0
194,FormalBench,52.c,array,0,0
195,FormalBench,53.c,array,0,0
196,FormalBench,54.c,array,0,0
197,FormalBench,55.c,array,0,0
198,FormalBench,56.c,array,0,0
199,FormalBench,57.c,array,0,0
200,FormalBench,58.c,array,0,0
201,FormalBench,59.c,array,0,0
202,FormalBench,60.c,array,0,0
203,FormalBench,61.c,array,0,0
204,FormalBench,62.c,array,0,0
205,FormalBench,63.c,array,0,0
206,FormalBench,64.c,array,0,0
207,FormalBench,65.c,array,0,0
208,FormalBench,66.c,array,0,0
209,FormalBench,67.c,array,0,0
210,FormalBench,68.c,array,0,0
211,FormalBench,70.c,array,0,0
212,FormalBench,71.c,array,0,0
213,FormalBench,72.c,array,0,0
214,FormalBench,73.c,array,0,0
215,FormalBench,74.c,array,0,0
216,FormalBench,75.c,array,0,0
217,FormalBench,76.c,array,0,0
218,FormalBench,77.c,array,0,0
219,FormalBench,78.c,array,0,0
220,FormalBench,79.c,array,0,0
221,FormalBench,80.c,array,0,0
222,FormalBench,81.c,array,0,0
223,FormalBench,82.c,array,0,0
224,FormalBench,83.c,array,0,0
225,FormalBench,84.c,array,0,0
226,FormalBench,85.c,array,0,0
227,FormalBench,86.c,array,0,0
228,FormalBench,87.c,array,0,0
229,FormalBench,88.c,array,0,0
230,FormalBench,89.c,array,0,0
231,FormalBench,90.c,array,0,0
232,FormalBench,91.c,array,0,0
233,FormalBench,92.c,array,0,0
234,FormalBench,93.c,array,0,0
235,FormalBench,94.c,array,0,0
236,FormalBench,95.c,array,0,0
237,FormalBench,96.c,array,0,0
238,FormalBench,97.c,array,0,0
239,FormalBench,98.c,array,0,0
240,FormalBench,99.c,array,0,0
241,FormalBench,100.c,array,0,0
242,FormalBench,101.c,array,0,0
243,FormalBench,102.c,array,0,0
244,FormalBench,103.c,array,0,0
245,FormalBench,104.c,array,0,0
246,FormalBench,105.c,array,0,0
247,FormalBench,106.c,array,0,0
248,FormalBench,107.c,array,0,0
249,FormalBench,108.c,array,0,0
250,FormalBench,109.c,array,0,0
251,FormalBench,110.c,array,0,0
252,FormalBench,114.c,array,0,0
253,FormalBench,115.c,array,0,0
254,FormalBench,116.c,array,0,0
255,FormalBench,118.c,array,0,0
256,FormalBench,119.c,array,0,0
257,FormalBench,120.c,array,0,0
258,FormalBench,121.c,array,0,0
259,FormalBench,122.c,array,0,0
260,FormalBench,123.c,array,0,0
261,FormalBench,127.c,array,0,0
262,FormalBench,129.c,array,0,0
263,FormalBench,130.c,array,0,0
264,FormalBench,139.c,array,0,0
265,FormalBench,142.c,array,0,0
266,FormalBench,143.c,array,0,0
267,FormalBench,144.c,array,0,0
268,FormalBench,145.c,array,0,0
269,FormalBench,146.c,array,0,0
270,FormalBench,147.c,array,0,0
271,FormalBench,148.c,array,0,0
272,FormalBench,152.c,array,0,0
273,FormalBench,153.c,array,0,0
274,FormalBench,154.c,array,0,0
275,FormalBench,155.c,array,0,0
276,FormalBench,157.c,array,0,0
277,FormalBench,158.c,array,0,0
278,FormalBench,159.c,array,0,0
279,FormalBench,160.c,array,0,0
280,FormalBench,164.c,array,0,0
281,FormalBench,165.c,array,0,0
282,FormalBench,166.c,array,0,0
283,FormalBench,170.c,array,0,0
284,FormalBench,171.c,array,0,0
285,FormalBench,173.c,array,0,0
286,FormalBench,178.c,array,0,0
287,FormalBench,179.c,array,0,0
288,FormalBench,180.c,array,0,0
289,FormalBench,181.c,array,0,0
290,FormalBench,182.c,array,0,0
291,FormalBench,183.c,array,0,0
292,FormalBench,184.c,array,0,0
293,FormalBench,185.c,array,0,0
294,FormalBench,186.c,array,0,0
295,FormalBench,187.c,array,0,0
296,FormalBench,188.c,array,0,0
297,FormalBench,189.c,array,0,0
298,FormalBench,197.c,array,0,0
299,FormalBench,201.c,array,0,0
300,FormalBench,202.c,array,0,0
301,FormalBench,203.c,array,0,0
302,FormalBench,205.c,array,0,0
303,FormalBench,206.c,array,0,0
304,FormalBench,207.c,array,0,0
305,FormalBench,208.c,array,0,0
306,FormalBench,209.c,array,0,0
307,FormalBench,210.c,array,0,0
308,FormalBench,211.c,array,0,0
309,FormalBench,212.c,array,0,0
310,FormalBench,69.c,numeric,0,0
311,FormalBench,111.c,numeric,0,0
312,FormalBench,112.c,numeric,0,0
313,FormalBench,113.c,numeric,0,0
314,FormalBench,117.c,numeric,0,0
315,FormalBench,128.c,numeric,0,0
316,FormalBench,132.c,numeric,0,0
317,FormalBench,133.c,numeric,0,0
318,FormalBench,134.c,numeric,0,0
319,FormalBench,135.c,numeric,0,0
320,FormalBench,136.c,numeric,0,0
321,FormalBench,137.c,numeric,0,0
322,FormalBench,140.c,numeric,0,0
323,FormalBench,141.c,numeric,0,0
324,FormalBench,149.c,numeric,0,0
325,FormalBench,150.c,numeric,0,0
326,FormalBench,151.c,numeric,0,0
327,FormalBench,156.c,numeric,0,0
328,FormalBench,161.c,numeric,0,0
329,FormalBench,162.c,numeric,0,0
330,FormalBench,163.c,numeric,0,0
331,FormalBench,167.c,numeric,0,0
332,FormalBench,168.c,numeric,0,0
333,FormalBench,169.c,numeric,0,0
334,FormalBench,172.c,numeric,0,0
335,FormalBench,174.c,numeric,0,0
336,FormalBench,175.c,numeric,0,0
337,FormalBench,176.c,numeric,0,0
338,FormalBench,177.c,numeric,0,0
339,FormalBench,190.c,numeric,0,0
340,FormalBench,191.c,numeric,0,0
341,FormalBench,192.c,numeric,0,0
342,FormalBench,193.c,numeric,0,0
343,FormalBench,194.c,numeric,0,0
344,FormalBench,195.c,numeric,0,0
345,FormalBench,196.c,numeric,0,0
346,FormalBench,198.c,numeric,0,0
347,FormalBench,199.c,numeric,0,0
348,FormalBench,200.c,numeric,0,0
349,FormalBench,204.c,numeric,0,0
350,FormalBench,213.c,numeric,0,0
351,FormalBench,214.c,numeric,0,0
352,FormalBench,215.c,numeric,0,0
353,FormalBench,216.c,numeric,0,0
354,FormalBench,217.c,numeric,0,0
355,FormalBench,218.c,numeric,0,0
356,FormalBench,223.c,numeric,0,0
357,FormalBench,224.c,numeric,0,0
358,FormalBench,250.c,numeric,0,0
359,FormalBench,251.c,numeric,0,0
360,FormalBench,252.c,numeric,0,0
361,FormalBench,253.c,numeric,0,0
362,FormalBench,254.c,numeric,0,0
363,FormalBench,255.c,numeric,0,0
364,FormalBench,256.c,numeric,0,0
365,FormalBench,263.c,numeric,0,0
366,FormalBench,264.c,numeric,0,0
367,FormalBench,268.c,numeric,0,0
368,FormalBench,270.c,numeric,0,0
369,FormalBench,275.c,numeric,0,0
370,FormalBench,276.c,numeric,0,0
371,FormalBench,277.c,numeric,0,0
372,FormalBench,281.c,numeric,0,0
373,FormalBench,282.c,numeric,0,0
374,FormalBench,283.c,numeric,0,0
375,FormalBench,284.c,numeric,0,0
376,FormalBench,285.c,numeric,0,0
377,FormalBench,286.c,numeric,0,0
378,FormalBench,287.c,numeric,0,0
379,FormalBench,288.c,numeric,0,0
380,FormalBench,289.c,numeric,0,0
381,FormalBench,290.c,numeric,0,0
382,FormalBench,292.c,numeric,0,0
383,FormalBench,294.c,numeric,0,0
384,FormalBench,295.c,numeric,0,0
385,FormalBench,300.c,numeric,0,0
386,FormalBench,302.c,numeric,0,0
387,FormalBench,303.c,numeric,0,0
388,FormalBench,304.c,numeric,0,0
389,FormalBench,307.c,numeric,0,0
390,FormalBench,312.c,numeric,0,0
391,FormalBench,313.c,numeric,0,0
392,FormalBench,315.c,numeric,0,0
393,FormalBench,316.c,numeric,0,0
394,FormalBench,317.c,numeric,0,0
395,FormalBench,321.c,numeric,0,0
396,FormalBench,322.c,numeric,0,0
397,FormalBench,323.c,numeric,0,0
398,FormalBench,324.c,numeric,0,0
399,FormalBench,325.c,numeric,0,0
